 {
	"providers":
		[
            {
            "type":"bitmap",
            "file":"minecraft:custom/chars/space_off.png",
            "ascent":96,
            "height":96,
            "chars":["\uE000"]
            },
            {
            "type":"bitmap",
            "file":"minecraft:custom/chars/space_on.png",
            "ascent":96,
            "height":96,
            "chars":["\uE001"]
            },
            {
            "type":"bitmap",
            "file":"minecraft:custom/chars/shift_off.png",
            "ascent":96,
            "height":96,
            "chars":["\uE010"]
            },
            {
            "type":"bitmap",
            "file":"minecraft:custom/chars/shift_on.png",
            "ascent":96,
            "height":96,
            "chars":["\uE011"]
            },
            {
            "type":"bitmap",
            "file":"minecraft:custom/chars/w_off.png",
            "ascent":96,
            "height":96,
            "chars":["\uE020"]
            },
            {
            "type":"bitmap",
            "file":"minecraft:custom/chars/w_on.png",
            "ascent":96,
            "height":96,
            "chars":["\uE021"]
            },
            {
            "type":"bitmap",
            "file":"minecraft:custom/chars/a_off.png",
            "ascent":96,
            "height":96,
            "chars":["\uE030"]
            },
            {
            "type":"bitmap",
            "file":"minecraft:custom/chars/a_on.png",
            "ascent":96,
            "height":96,
            "chars":["\uE031"]
            },
            {
            "type":"bitmap",
            "file":"minecraft:custom/chars/s_off.png",
            "ascent":96,
            "height":96,
            "chars":["\uE040"]
            },
            {
            "type":"bitmap",
            "file":"minecraft:custom/chars/s_on.png",
            "ascent":96,
            "height":96,
            "chars":["\uE041"]
            },
            {
            "type":"bitmap",
            "file":"minecraft:custom/chars/d_off.png",
            "ascent":96,
            "height":96,
            "chars":["\uE050"]
            },
            {
            "type":"bitmap",
            "file":"minecraft:custom/chars/d_on.png",
            "ascent":96,
            "height":96,
            "chars":["\uE051"]
            }
		]
}